Contrast name:,Group (belphobel-pho)
Within-subjects contrast matrix:,c[1;1],c[1;2],c[1;3],c[2;1],c[2;2],c[2;3],c[3;1],c[3;2],c[3;3],
,1.000000,0.000000,0.000000,0.000000,1.000000,0.000000,0.000000,0.000000,1.000000,
Between-subjects contrast matrix:,c[1;1],
,1.000000,
Overlap threshold:,0.000000

Results
ROI#,ROI size,average localizer mask size,inter-subject overlap,h[1;1],h[1;2],h[1;3],stderr[1;1],stderr[1;2],stderr[1;3],T/F,dof,p,p-fdr
1,1885,188,1.000000,0.792129,-0.087672,0.879801,0.366729,0.236250,0.435232,1.202875,6.000000,0.386000,0.450333
2,3322,332,1.000000,1.411234,0.530997,0.880237,0.156543,0.105804,0.101499,22.491757,6.000000,0.001154,0.008079
3,1525,152,1.000000,0.236696,-0.582331,0.819028,0.282330,0.242503,0.386985,1.545101,6.000000,0.297063,0.415888
4,4182,418,1.000000,0.774902,-0.020441,0.795343,0.201134,0.136799,0.185524,4.820958,6.000000,0.048674,0.085179
5,3419,341,1.000000,1.115109,0.047761,1.067348,0.216300,0.091475,0.212332,6.811135,6.000000,0.023295,0.081534
6,1313,131,1.000000,0.021185,-0.110973,0.132158,0.187452,0.108060,0.211592,0.270471,6.000000,0.844739,0.844739
7,4051,405,1.000000,0.897579,0.187169,0.710411,0.202626,0.092464,0.152871,5.475039,6.000000,0.037440,0.085179
