Contrast name:,Group (medandhigh-low)
Within-subjects contrast matrix:,c[1;1],c[1;2],c[1;3],c[1;4],c[1;5],c[1;6],
,0.000000,0.000000,0.000000,0.000000,0.000000,1.000000,
Between-subjects contrast matrix:,c[1;1],
,1.000000,
Overlap threshold:,0.000000

Results
ROI#,ROI size,average localizer mask size,inter-subject overlap,h[1;1],stderr[1;1],T/F,dof,p,p-fdr
1,2948,294,1.000000,0.157776,0.062093,2.540975,11.000000,0.013716,0.020574
2,1627,162,1.000000,0.166425,0.046461,3.582025,11.000000,0.002152,0.006596
3,644,64,1.000000,0.179931,0.054301,3.313564,11.000000,0.003455,0.006910
4,743,74,1.000000,0.203779,0.098411,2.070697,11.000000,0.031349,0.037618
5,462,46,1.000000,0.079362,0.077481,1.024277,11.000000,0.163851,0.163851
6,370,37,1.000000,0.361299,0.101212,3.569742,11.000000,0.002199,0.006596
