Contrast name:,Group (low)
Within-subjects contrast matrix:,c[1;1],c[1;2],c[1;3],c[1;4],
,1.000000,0.000000,0.000000,0.000000,
Between-subjects contrast matrix:,c[1;1],
,1.000000,
Overlap threshold:,0.000000

Results
ROI#,ROI size,average localizer mask size,inter-subject overlap,h[1;1],stderr[1;1],T/F,dof,p,p-fdr
1,2948,294,1.000000,1.104304,0.132609,8.327528,11.000000,0.000002,0.000007
2,1627,162,1.000000,0.769454,0.097050,7.928386,11.000000,0.000004,0.000007
3,644,64,1.000000,0.402148,0.152541,2.636317,11.000000,0.011572,0.011572
4,743,74,1.000000,1.794943,0.284644,6.305927,11.000000,0.000029,0.000035
5,462,46,1.000000,1.314568,0.192906,6.814564,11.000000,0.000014,0.000022
6,370,37,1.000000,1.764094,0.173142,10.188729,11.000000,0.000000,0.000002
