Contrast name:,Group (joke-lit)
Within-subjects contrast matrix:,c[1;1],c[1;2],c[1;3],
,0.000000,0.000000,1.000000,
Between-subjects contrast matrix:,c[1;1],
,1.000000,
Overlap threshold:,0.000000

Results
ROI#,ROI size,average localizer mask size,inter-subject overlap,h[1;1],stderr[1;1],T/F,dof,p,p-fdr
1,1885,188,1.000000,0.149548,0.084050,1.779274,11.000000,0.051403,0.071964
2,3322,332,1.000000,0.112917,0.033629,3.357756,11.000000,0.003195,0.011181
3,1525,152,1.000000,0.269392,0.068202,3.949942,11.000000,0.001136,0.007955
4,4182,418,1.000000,0.114213,0.041536,2.749699,11.000000,0.009450,0.017362
5,3419,341,1.000000,0.123066,0.045203,2.722503,11.000000,0.009921,0.017362
6,1313,131,1.000000,0.085447,0.090580,0.943334,11.000000,0.182884,0.182884
7,4051,405,1.000000,0.047052,0.037806,1.244545,11.000000,0.119581,0.139512
