Contrast name:,Group (high)
Within-subjects contrast matrix:,c[1;1],c[1;2],c[1;3],c[1;4],
,0.000000,0.000000,1.000000,0.000000,
Between-subjects contrast matrix:,c[1;1],
,1.000000,
Overlap threshold:,0.000000

Results
ROI#,ROI size,average localizer mask size,inter-subject overlap,h[1;1],stderr[1;1],T/F,dof,p,p-fdr
1,1885,188,1.000000,0.596964,0.208255,2.866503,11.000000,0.007669,0.017893
2,3322,332,1.000000,0.685054,0.095248,7.192287,11.000000,0.000009,0.000062
3,1525,152,1.000000,0.155615,0.102877,1.512625,11.000000,0.079281,0.086244
4,4182,418,1.000000,0.100456,0.068846,1.459131,11.000000,0.086244,0.086244
5,3419,341,1.000000,0.167944,0.081912,2.050290,11.000000,0.032472,0.045460
6,1313,131,1.000000,0.209119,0.081652,2.561093,11.000000,0.013234,0.023159
7,4051,405,1.000000,0.333994,0.080788,4.134232,11.000000,0.000830,0.002905
