Contrast name:,Group (metlitmet-litlit-met)
Within-subjects contrast matrix:,c[1;1],c[1;2],c[1;3],c[1;4],c[2;1],c[2;2],c[2;3],c[2;4],c[3;1],c[3;2],c[3;3],c[3;4],c[4;1],c[4;2],c[4;3],c[4;4],
,1.000000,0.000000,0.000000,0.000000,0.000000,1.000000,0.000000,0.000000,0.000000,0.000000,1.000000,0.000000,0.000000,0.000000,0.000000,1.000000,
Between-subjects contrast matrix:,c[1;1],
,1.000000,
Overlap threshold:,0.000000

Results
ROI#,ROI size,average localizer mask size,inter-subject overlap,h[1;1],h[1;2],h[1;3],h[1;4],stderr[1;1],stderr[1;2],stderr[1;3],stderr[1;4],T/F,dof,p,p-fdr
1,2948,294,1.000000,1.150023,1.224977,-0.074953,0.074953,0.109816,0.137191,0.074047,0.074047,19.946281,8.000000,0.000320,0.000959
2,1627,162,1.000000,0.751655,0.833788,-0.082132,0.082132,0.118904,0.120299,0.069320,0.069320,8.915824,8.000000,0.004809,0.005770
3,644,64,1.000000,0.186931,0.296817,-0.109886,0.109886,0.108639,0.124034,0.087055,0.087055,1.041356,8.000000,0.443124,0.443124
4,743,74,1.000000,2.029036,2.151902,-0.122866,0.122866,0.336341,0.309389,0.100912,0.100912,9.549024,8.000000,0.003874,0.005770
5,462,46,1.000000,1.346524,1.404450,-0.057927,0.057927,0.155985,0.175637,0.103651,0.103651,14.075383,8.000000,0.001079,0.002157
6,370,37,1.000000,2.013184,2.047611,-0.034427,0.034427,0.189261,0.154707,0.114747,0.114747,31.856028,8.000000,0.000058,0.000348
