Contrast name:,Group (lowmedhighother)
Within-subjects contrast matrix:,c[1;1],c[1;2],c[1;3],c[1;4],c[2;1],c[2;2],c[2;3],c[2;4],c[3;1],c[3;2],c[3;3],c[3;4],c[4;1],c[4;2],c[4;3],c[4;4],
,1.000000,0.000000,0.000000,0.000000,0.000000,1.000000,0.000000,0.000000,0.000000,0.000000,1.000000,0.000000,0.000000,0.000000,0.000000,1.000000,
Between-subjects contrast matrix:,c[1;1],
,1.000000,
Overlap threshold:,0.000000

Results
ROI#,ROI size,average localizer mask size,inter-subject overlap,h[1;1],h[1;2],h[1;3],h[1;4],stderr[1;1],stderr[1;2],stderr[1;3],stderr[1;4],T/F,dof,p,p-fdr
1,1885,188,1.000000,0.400190,0.622929,0.596964,0.187708,0.134858,0.148955,0.208255,0.195773,3.724269,8.000000,0.053683,0.075156
2,3322,332,1.000000,0.368031,0.516691,0.685054,0.575182,0.097366,0.123647,0.095248,0.177681,17.218944,8.000000,0.000538,0.003763
3,1525,152,1.000000,-0.301539,0.052516,0.155615,-0.238977,0.140918,0.121359,0.102877,0.237859,2.341117,8.000000,0.142236,0.142236
4,4182,418,1.000000,-0.117443,0.018490,0.100456,-0.019591,0.063061,0.065833,0.068846,0.122605,6.870512,8.000000,0.010590,0.024711
5,3419,341,1.000000,-0.040945,0.117266,0.167944,0.248104,0.079329,0.108529,0.081912,0.123527,7.528374,8.000000,0.008076,0.024711
6,1313,131,1.000000,-0.102629,0.080372,0.209119,-0.069297,0.261764,0.193473,0.081652,0.264838,4.585615,8.000000,0.032198,0.056346
7,4051,405,1.000000,0.161292,0.251982,0.333994,0.243066,0.057016,0.072050,0.080788,0.104897,3.151116,8.000000,0.078334,0.091389
