Contrast name:,Group (high)
Within-subjects contrast matrix:,c[1;1],c[1;2],c[1;3],c[1;4],
,0.000000,0.000000,1.000000,0.000000,
Between-subjects contrast matrix:,c[1;1],
,1.000000,
Overlap threshold:,0.000000

Results
ROI#,average ROI size,average localizer mask size,inter-subject overlap,h[1;1],stderr[1;1],T/F,dof,p,p-fdr
1,2948,50,1.000000,1.545514,0.187654,8.235996,11.000000,0.000002,0.000007
2,1627,50,1.000000,1.161941,0.160034,7.260579,11.000000,0.000008,0.000016
3,644,50,1.000000,0.664018,0.172006,3.860431,11.000000,0.001326,0.001326
4,743,50,1.000000,2.146450,0.350238,6.128549,11.000000,0.000037,0.000045
5,462,50,1.000000,1.417378,0.207189,6.840982,11.000000,0.000014,0.000021
6,370,50,1.000000,2.237165,0.259669,8.615438,11.000000,0.000002,0.000007
