Contrast name:,Group (high)
Within-subjects contrast matrix:,c[1;1],c[1;2],c[1;3],c[1;4],
,0.000000,0.000000,1.000000,0.000000,
Between-subjects contrast matrix:,c[1;1],
,1.000000,
Overlap threshold:,0.000000

Results
ROI#,ROI size,average localizer mask size,inter-subject overlap,h[1;1],stderr[1;1],T/F,dof,p,p-fdr
1,2948,294,1.000000,1.360120,0.135699,10.023073,11.000000,0.000000,0.000002
2,1627,162,1.000000,0.965734,0.142727,6.766302,11.000000,0.000015,0.000023
3,644,64,1.000000,0.641187,0.173999,3.685005,11.000000,0.001797,0.001797
4,743,74,1.000000,2.030047,0.313795,6.469346,11.000000,0.000023,0.000028
5,462,46,1.000000,1.411607,0.199595,7.072348,11.000000,0.000010,0.000021
6,370,37,1.000000,2.270961,0.266695,8.515200,11.000000,0.000002,0.000005
