Contrast name:,Group (other)
Within-subjects contrast matrix:,c[1;1],c[1;2],c[1;3],c[1;4],
,0.000000,0.000000,0.000000,1.000000,
Between-subjects contrast matrix:,c[1;1],
,1.000000,
Overlap threshold:,0.000000

Results
ROI#,average ROI size,average localizer mask size,inter-subject overlap,h[1;1],stderr[1;1],T/F,dof,p,p-fdr
1,1885,50,1.000000,0.170804,0.170657,1.000859,11.000000,0.169202,0.296103
2,3322,50,1.000000,0.564817,0.185852,3.039073,11.000000,0.005633,0.039428
3,1525,50,1.000000,-0.194560,0.241276,-0.806378,11.000000,0.781444,0.781444
4,4182,50,1.000000,0.034809,0.123905,0.280931,11.000000,0.391989,0.548784
5,3419,50,1.000000,0.249936,0.162270,1.540242,11.000000,0.075880,0.177053
6,1313,50,1.000000,-0.076373,0.291449,-0.262045,11.000000,0.600936,0.701091
7,4051,50,1.000000,0.251186,0.127911,1.963759,11.000000,0.037665,0.131827
