Contrast name:,Group (N)
Within-subjects contrast matrix:,c[1;1],c[1;2],c[1;3],
,0.000000,1.000000,0.000000,
Between-subjects contrast matrix:,c[1;1],
,1.000000,
Overlap threshold:,0.000000

Results
ROI#,ROI size,average localizer mask size,inter-subject overlap,h[1;1],stderr[1;1],T/F,dof,p,p-fdr
1,2948,294,1.000000,0.464371,0.103047,4.506393,11.000000,0.000446,0.002675
2,1627,162,1.000000,0.209840,0.085809,2.445423,11.000000,0.016254,0.019505
3,644,64,1.000000,0.042424,0.112396,0.377452,11.000000,0.356509,0.356509
4,743,74,1.000000,0.586008,0.146458,4.001198,11.000000,0.001041,0.003099
5,462,46,1.000000,0.613628,0.187511,3.272487,11.000000,0.003716,0.005574
6,370,37,1.000000,0.692888,0.183775,3.770316,11.000000,0.001549,0.003099
