Contrast name:,Group (joke)
Within-subjects contrast matrix:,c[1;1],c[1;2],c[1;3],
,1.000000,0.000000,0.000000,
Between-subjects contrast matrix:,c[1;1],
,1.000000,
Overlap threshold:,0.000000

Results
ROI#,average ROI size,average localizer mask size,inter-subject overlap,h[1;1],stderr[1;1],T/F,dof,p,p-fdr
1,2948,50,1.000000,0.574793,0.120673,4.763227,11.000000,0.000294,0.000539
2,1627,50,1.000000,0.718460,0.194540,3.693121,11.000000,0.001772,0.002126
3,644,50,1.000000,0.059023,0.065209,0.905142,11.000000,0.192393,0.192393
4,743,50,1.000000,0.943376,0.171544,5.499331,11.000000,0.000093,0.000280
5,462,50,1.000000,0.507242,0.109369,4.637912,11.000000,0.000360,0.000539
6,370,50,1.000000,0.979239,0.140503,6.969499,11.000000,0.000012,0.000071
