Contrast name:,Group (med)
Within-subjects contrast matrix:,c[1;1],c[1;2],c[1;3],c[1;4],
,0.000000,1.000000,0.000000,0.000000,
Between-subjects contrast matrix:,c[1;1],
,1.000000,
Overlap threshold:,0.000000

Results
ROI#,average ROI size,average localizer mask size,inter-subject overlap,h[1;1],stderr[1;1],T/F,dof,p,p-fdr
1,1885,50,1.000000,0.568293,0.119838,4.742190,11.000000,0.000304,0.002126
2,3322,50,1.000000,0.536560,0.132662,4.044562,11.000000,0.000967,0.003383
3,1525,50,1.000000,0.141965,0.109134,1.300834,11.000000,0.109953,0.179436
4,4182,50,1.000000,0.017377,0.066894,0.259764,11.000000,0.399922,0.399922
5,3419,50,1.000000,0.125689,0.104973,1.197348,11.000000,0.128168,0.179436
6,1313,50,1.000000,0.113021,0.191338,0.590689,11.000000,0.283334,0.330556
7,4051,50,1.000000,0.219261,0.069487,3.155442,11.000000,0.004576,0.010678
