Contrast name:,Group (lit)
Within-subjects contrast matrix:,c[1;1],c[1;2],c[1;3],
,0.000000,1.000000,0.000000,
Between-subjects contrast matrix:,c[1;1],
,1.000000,
Overlap threshold:,0.000000

Results
ROI#,average ROI size,average localizer mask size,inter-subject overlap,h[1;1],stderr[1;1],T/F,dof,p,p-fdr
1,2948,50,1.000000,1.363630,0.177448,7.684694,11.000000,0.000005,0.000010
2,1627,50,1.000000,1.003979,0.107485,9.340680,11.000000,0.000001,0.000002
3,644,50,1.000000,0.471076,0.148500,3.172235,11.000000,0.004442,0.004442
4,743,50,1.000000,1.965571,0.355779,5.524691,11.000000,0.000090,0.000108
5,462,50,1.000000,1.367364,0.218739,6.251108,11.000000,0.000031,0.000047
6,370,50,1.000000,1.805320,0.173065,10.431462,11.000000,0.000000,0.000001
