Contrast name:,Group (lowmedhighother)
Within-subjects contrast matrix:,c[1;1],c[1;2],c[1;3],c[1;4],c[2;1],c[2;2],c[2;3],c[2;4],c[3;1],c[3;2],c[3;3],c[3;4],c[4;1],c[4;2],c[4;3],c[4;4],
,1.000000,0.000000,0.000000,0.000000,0.000000,1.000000,0.000000,0.000000,0.000000,0.000000,1.000000,0.000000,0.000000,0.000000,0.000000,1.000000,
Between-subjects contrast matrix:,c[1;1],
,1.000000,
Overlap threshold:,0.000000

Results
ROI#,average ROI size,average localizer mask size,inter-subject overlap,h[1;1],h[1;2],h[1;3],h[1;4],stderr[1;1],stderr[1;2],stderr[1;3],stderr[1;4],T/F,dof,p,p-fdr
1,1885,50,1.000000,0.397745,0.568293,0.506891,0.170804,0.122043,0.119838,0.201735,0.170657,4.466780,8.000000,0.034426,0.060246
2,3322,50,1.000000,0.382287,0.536560,0.750185,0.564817,0.107170,0.132662,0.109865,0.185852,14.573660,8.000000,0.000958,0.006705
3,1525,50,1.000000,-0.237346,0.141965,0.237646,-0.194560,0.134113,0.109134,0.113376,0.241276,2.096411,8.000000,0.173136,0.173136
4,4182,50,1.000000,-0.150396,0.017377,0.033174,0.034809,0.061306,0.066894,0.079359,0.123905,7.159751,8.000000,0.009379,0.021885
5,3419,50,1.000000,-0.039475,0.125689,0.190363,0.249936,0.087645,0.104973,0.074016,0.162270,8.459010,8.000000,0.005663,0.019819
6,1313,50,1.000000,-0.136224,0.113021,0.253371,-0.076373,0.285220,0.191338,0.096576,0.291449,3.531425,8.000000,0.060737,0.085032
7,4051,50,1.000000,0.144020,0.219261,0.331621,0.251186,0.057193,0.069487,0.100617,0.127911,2.258714,8.000000,0.151834,0.173136
