Contrast name:,Group (N)
Within-subjects contrast matrix:,c[1;1],c[1;2],c[1;3],
,0.000000,1.000000,0.000000,
Between-subjects contrast matrix:,c[1;1],
,1.000000,
Overlap threshold:,0.000000

Results
ROI#,ROI size,average localizer mask size,inter-subject overlap,h[1;1],stderr[1;1],T/F,dof,p,p-fdr
1,2948,294,1.000000,0.398474,0.094998,4.194536,11.000000,0.000750,0.002200
2,1627,162,1.000000,0.195722,0.072473,2.700630,11.000000,0.010317,0.012380
3,644,64,1.000000,0.033998,0.100177,0.339385,11.000000,0.370355,0.370355
4,743,74,1.000000,0.456979,0.103372,4.420733,11.000000,0.000514,0.002200
5,462,46,1.000000,0.550786,0.147435,3.735788,11.000000,0.001645,0.002468
6,370,37,1.000000,0.465091,0.117179,3.969058,11.000000,0.001100,0.002200
