Contrast name:,Group (joke-lit)
Within-subjects contrast matrix:,c[1;1],c[1;2],c[1;3],
,0.000000,0.000000,1.000000,
Between-subjects contrast matrix:,c[1;1],
,1.000000,
Overlap threshold:,0.000000

Results
ROI#,ROI size,average localizer mask size,inter-subject overlap,h[1;1],stderr[1;1],T/F,dof,p,p-fdr
1,2948,294,1.000000,0.025623,0.042492,0.603007,11.000000,0.279366,0.419049
2,1627,162,1.000000,0.055109,0.031489,1.750111,11.000000,0.053951,0.133811
3,644,64,1.000000,0.078234,0.023958,3.265503,11.000000,0.003763,0.022575
4,743,74,1.000000,0.004855,0.077750,0.062446,11.000000,0.475664,0.570797
5,462,46,1.000000,-0.047722,0.059722,-0.799072,11.000000,0.779419,0.779419
6,370,37,1.000000,0.133496,0.082473,1.618658,11.000000,0.066906,0.133811
