Contrast name:,Group (med)
Within-subjects contrast matrix:,c[1;1],c[1;2],c[1;3],c[1;4],
,0.000000,1.000000,0.000000,0.000000,
Between-subjects contrast matrix:,c[1;1],
,1.000000,
Overlap threshold:,0.000000

Results
ROI#,average ROI size,average localizer mask size,inter-subject overlap,h[1;1],stderr[1;1],T/F,dof,p,p-fdr
1,2948,50,1.000000,1.368924,0.196369,6.971188,11.000000,0.000012,0.000024
2,1627,50,1.000000,1.099590,0.141479,7.772085,11.000000,0.000004,0.000013
3,644,50,1.000000,0.548542,0.177540,3.089678,11.000000,0.005146,0.005146
4,743,50,1.000000,2.112935,0.398810,5.298102,11.000000,0.000127,0.000152
5,462,50,1.000000,1.415414,0.253435,5.584921,11.000000,0.000082,0.000123
6,370,50,1.000000,1.987416,0.219537,9.052772,11.000000,0.000001,0.000006
