Contrast name:,Group (med)
Within-subjects contrast matrix:,c[1;1],c[1;2],c[1;3],c[1;4],
,0.000000,1.000000,0.000000,0.000000,
Between-subjects contrast matrix:,c[1;1],
,1.000000,
Overlap threshold:,0.000000

Results
ROI#,ROI size,average localizer mask size,inter-subject overlap,h[1;1],stderr[1;1],T/F,dof,p,p-fdr
1,2948,294,1.000000,1.190263,0.147246,8.083493,11.000000,0.000003,0.000008
2,1627,162,1.000000,0.903677,0.115599,7.817323,11.000000,0.000004,0.000008
3,644,64,1.000000,0.527046,0.180451,2.920720,11.000000,0.006960,0.006960
4,743,74,1.000000,2.006451,0.357677,5.609675,11.000000,0.000079,0.000095
5,462,46,1.000000,1.407327,0.244716,5.750863,11.000000,0.000064,0.000095
6,370,37,1.000000,2.010538,0.222686,9.028575,11.000000,0.000001,0.000006
