Contrast name:,Group (joke)
Within-subjects contrast matrix:,c[1;1],c[1;2],c[1;3],
,1.000000,0.000000,0.000000,
Between-subjects contrast matrix:,c[1;1],
,1.000000,
Overlap threshold:,0.000000

Results
ROI#,average ROI size,average localizer mask size,inter-subject overlap,h[1;1],stderr[1;1],T/F,dof,p,p-fdr
1,1885,50,1.000000,0.579571,0.131506,4.407185,11.000000,0.000525,0.001839
2,3322,50,1.000000,0.568971,0.122169,4.657251,11.000000,0.000348,0.001839
3,1525,50,1.000000,0.142556,0.106701,1.336036,11.000000,0.104260,0.145964
4,4182,50,1.000000,0.031290,0.060291,0.518989,11.000000,0.307025,0.307025
5,3419,50,1.000000,0.152949,0.102840,1.487254,11.000000,0.082521,0.144411
6,1313,50,1.000000,0.105719,0.152667,0.692481,11.000000,0.251496,0.293412
7,4051,50,1.000000,0.231926,0.063307,3.663505,11.000000,0.001866,0.004354
