Contrast name:,Group (joke)
Within-subjects contrast matrix:,c[1;1],c[1;2],c[1;3],
,1.000000,0.000000,0.000000,
Between-subjects contrast matrix:,c[1;1],
,1.000000,
Overlap threshold:,0.000000

Results
ROI#,ROI size,average localizer mask size,inter-subject overlap,h[1;1],stderr[1;1],T/F,dof,p,p-fdr
1,2948,294,1.000000,1.176119,0.124120,9.475628,11.000000,0.000001,0.000002
2,1627,162,1.000000,0.875639,0.107695,8.130735,11.000000,0.000003,0.000006
3,644,64,1.000000,0.528742,0.156045,3.388386,11.000000,0.003026,0.003026
4,743,74,1.000000,1.864203,0.308139,6.049867,11.000000,0.000042,0.000050
5,462,46,1.000000,1.313488,0.200153,6.562420,11.000000,0.000020,0.000030
6,370,37,1.000000,1.966392,0.207875,9.459484,11.000000,0.000001,0.000002
