"","v","sterr","type"
"joke",2.27049863296154,0.12161669866062,"joke"
"nonjoke",1.30369828556386,0.046351752058287,"nonjoke"
