"","v","sterr","type"
"joke",0.871512357107076,0.0362897842189557,"joke"
"nonjoke",0.955151938659681,0.0455343908430837,"nonjoke"
