Contrast name:,Group (lowmedhighother)
Within-subjects contrast matrix:,c[1;1],c[1;2],c[1;3],c[1;4],c[2;1],c[2;2],c[2;3],c[2;4],c[3;1],c[3;2],c[3;3],c[3;4],c[4;1],c[4;2],c[4;3],c[4;4],
,1.000000,0.000000,0.000000,0.000000,0.000000,1.000000,0.000000,0.000000,0.000000,0.000000,1.000000,0.000000,0.000000,0.000000,0.000000,1.000000,
Between-subjects contrast matrix:,c[1;1],
,1.000000,
Overlap threshold:,0.000000

Results
ROI#,ROI size,average localizer mask size,inter-subject overlap,h[1;1],h[1;2],h[1;3],h[1;4],stderr[1;1],stderr[1;2],stderr[1;3],stderr[1;4],T/F,dof,p,p-fdr
1,2948,294,1.000000,1.104304,1.190263,1.360120,1.297155,0.132609,0.147246,0.135699,0.141171,21.011152,8.000000,0.000265,0.001134
2,1627,162,1.000000,0.769454,0.903677,0.965734,0.887142,0.097050,0.115599,0.142727,0.131149,11.562955,8.000000,0.002085,0.003618
3,644,64,1.000000,0.402148,0.527046,0.641187,0.568571,0.152541,0.180451,0.173999,0.182659,3.201506,8.000000,0.075671,0.075671
4,743,74,1.000000,1.794943,2.006451,2.030047,1.967191,0.284644,0.357677,0.313795,0.394390,9.547448,8.000000,0.003876,0.004651
5,462,46,1.000000,1.314568,1.407327,1.411607,1.463877,0.192906,0.244716,0.199595,0.268845,11.061381,8.000000,0.002412,0.003618
6,370,37,1.000000,1.764094,2.010538,2.270961,1.925756,0.173142,0.222686,0.266695,0.256321,19.029192,8.000000,0.000378,0.001134
