Contrast name:,Group (jokelitjoke-lit)
Within-subjects contrast matrix:,c[1;1],c[1;2],c[1;3],c[2;1],c[2;2],c[2;3],c[3;1],c[3;2],c[3;3],
,1.000000,0.000000,0.000000,0.000000,1.000000,0.000000,0.000000,0.000000,1.000000,
Between-subjects contrast matrix:,c[1;1],
,1.000000,
Overlap threshold:,0.000000

Results
ROI#,ROI size,average localizer mask size,inter-subject overlap,h[1;1],h[1;2],h[1;3],stderr[1;1],stderr[1;2],stderr[1;3],T/F,dof,p,p-fdr
1,389,38,1.000000,0.115579,-0.044416,0.159995,0.101298,0.086151,0.051971,2.671252,9.000000,0.110692,0.166837
2,389,38,1.000000,0.525009,0.402179,0.122830,0.135968,0.130628,0.031056,6.496449,9.000000,0.012464,0.062318
3,389,38,1.000000,0.098224,-0.021687,0.119911,0.091791,0.085525,0.054657,1.322569,9.000000,0.326482,0.326482
4,163,16,1.000000,0.025273,-0.465066,0.490338,0.241737,0.306372,0.166142,2.417855,9.000000,0.133469,0.166837
5,378,37,1.000000,0.578625,0.322226,0.256399,0.184550,0.121379,0.112481,2.693281,9.000000,0.108942,0.166837
