Contrast name:,Group (other)
Within-subjects contrast matrix:,c[1;1],c[1;2],c[1;3],c[1;4],
,0.000000,0.000000,0.000000,1.000000,
Between-subjects contrast matrix:,c[1;1],
,1.000000,
Overlap threshold:,0.000000

Results
ROI#,ROI size,average localizer mask size,inter-subject overlap,h[1;1],stderr[1;1],T/F,dof,p,p-fdr
1,2948,294,1.000000,1.297155,0.141171,9.188534,11.000000,0.000001,0.000005
2,1627,162,1.000000,0.887142,0.131149,6.764407,11.000000,0.000015,0.000031
3,644,64,1.000000,0.568571,0.182659,3.112740,11.000000,0.004939,0.004939
4,743,74,1.000000,1.967191,0.394390,4.987931,11.000000,0.000205,0.000246
5,462,46,1.000000,1.463877,0.268845,5.445051,11.000000,0.000101,0.000152
6,370,37,1.000000,1.925756,0.256321,7.513051,11.000000,0.000006,0.000018
