Contrast name:,Group (joke)
Within-subjects contrast matrix:,c[1;1],c[1;2],c[1;3],
,1.000000,0.000000,0.000000,
Between-subjects contrast matrix:,c[1;1],
,1.000000,
Overlap threshold:,0.000000

Results
ROI#,average ROI size,average localizer mask size,inter-subject overlap,h[1;1],stderr[1;1],T/F,dof,p,p-fdr
1,389,50,1.000000,0.114144,0.105971,1.077128,11.000000,0.152239,0.197732
2,389,50,1.000000,0.520346,0.130507,3.987121,11.000000,0.001066,0.005332
3,389,50,1.000000,0.098257,0.093605,1.049701,11.000000,0.158186,0.197732
4,163,50,1.000000,-0.050617,0.220323,-0.229738,11.000000,0.588744,0.588744
5,378,50,1.000000,0.576255,0.178633,3.225925,11.000000,0.004037,0.010092
