Contrast name:,Group (ODD_joke-lit)
Within-subjects contrast matrix:,c[1;1],c[1;2],
,1.000000,0.000000,
Between-subjects contrast matrix:,c[1;1],
,1.000000,
Overlap threshold:,0.000000

Results
ROI#,ROI size,average localizer mask size,inter-subject overlap,h[1;1],stderr[1;1],T/F,dof,p,p-fdr
1,370,37,1.000000,-0.029039,0.083051,-0.349652,11.000000,0.633399,0.995353
2,743,74,1.000000,-0.200472,0.063706,-3.146842,11.000000,0.995353,0.995353
3,462,46,1.000000,-0.156628,0.061549,-2.544779,11.000000,0.986376,0.995353
4,1627,162,1.000000,-0.005287,0.032373,-0.163313,11.000000,0.563383,0.995353
5,2948,294,1.000000,-0.058944,0.044603,-1.321522,11.000000,0.893423,0.995353
6,644,64,1.000000,0.022750,0.038861,0.585425,11.000000,0.285039,0.995353
