Contrast name:,Group (lowmedhighotherparamfun)
Within-subjects contrast matrix:,c[1;1],c[1;2],c[1;3],c[1;4],c[1;5],c[2;1],c[2;2],c[2;3],c[2;4],c[2;5],c[3;1],c[3;2],c[3;3],c[3;4],c[3;5],c[4;1],c[4;2],c[4;3],c[4;4],c[4;5],c[5;1],c[5;2],c[5;3],c[5;4],c[5;5],
,1.000000,0.000000,0.000000,0.000000,0.000000,0.000000,1.000000,0.000000,0.000000,0.000000,0.000000,0.000000,1.000000,0.000000,0.000000,0.000000,0.000000,0.000000,1.000000,0.000000,0.000000,0.000000,0.000000,0.000000,1.000000,
Between-subjects contrast matrix:,c[1;1],
,1.000000,
Overlap threshold:,0.000000

Results
ROI#,ROI size,average localizer mask size,inter-subject overlap,h[1;1],h[1;2],h[1;3],h[1;4],h[1;5],stderr[1;1],stderr[1;2],stderr[1;3],stderr[1;4],stderr[1;5],T/F,dof,p,p-fdr
1,1885,188,1.000000,0.400190,0.622929,0.596964,0.187708,0.196774,0.134858,0.148955,0.208255,0.195773,0.149335,2.606989,7.000000,0.121919,0.170686
2,3322,332,1.000000,0.368031,0.516691,0.685054,0.575182,0.317023,0.097366,0.123647,0.095248,0.177681,0.045939,12.053261,7.000000,0.002486,0.017403
3,1525,152,1.000000,-0.301539,0.052516,0.155615,-0.238977,0.457154,0.140918,0.121359,0.102877,0.237859,0.155797,1.638782,7.000000,0.266350,0.266350
4,4182,418,1.000000,-0.117443,0.018490,0.100456,-0.019591,0.217899,0.063061,0.065833,0.068846,0.122605,0.044002,4.809358,7.000000,0.031656,0.073865
5,3419,341,1.000000,-0.040945,0.117266,0.167944,0.248104,0.208889,0.079329,0.108529,0.081912,0.123527,0.069152,5.269862,7.000000,0.025185,0.073865
6,1313,131,1.000000,-0.102629,0.080372,0.209119,-0.069297,0.311748,0.261764,0.193473,0.081652,0.264838,0.205385,3.209931,7.000000,0.080109,0.140192
7,4051,405,1.000000,0.161292,0.251982,0.333994,0.243066,0.172702,0.057016,0.072050,0.080788,0.104897,0.060888,2.205781,7.000000,0.165656,0.193266
