Contrast name:,Group (lit)
Within-subjects contrast matrix:,c[1;1],c[1;2],c[1;3],
,0.000000,1.000000,0.000000,
Between-subjects contrast matrix:,c[1;1],
,1.000000,
Overlap threshold:,0.000000

Results
ROI#,average ROI size,average localizer mask size,inter-subject overlap,h[1;1],stderr[1;1],T/F,dof,p,p-fdr
1,389,50,1.000000,-0.044572,0.088812,-0.501872,11.000000,0.687174,0.858968
2,389,50,1.000000,0.405627,0.126556,3.205122,11.000000,0.004189,0.020945
3,389,50,1.000000,-0.021601,0.085941,-0.251343,11.000000,0.596909,0.858968
4,163,50,1.000000,-0.484158,0.261997,-1.847950,11.000000,0.954174,0.954174
5,378,50,1.000000,0.316698,0.115020,2.753424,11.000000,0.009388,0.023469
